Job Number,Call Date,Property Type,Loss City,County,Sale Amount
24-5382-M,2024,Condo,"Falls Church,Virginia",Fairfax,
24-5380-M,2024,Single Family,"Woodbridge,Virginia",Prince William County,"$32,198.46 "
24-5378-M,2024,Single Family,"Chevy Chase,Maryland",Montgomery,
24-5374-M,2024,Single Family,"Ft Washington,Maryland",Prince George's County,
24-5371-M,2024,Condo,"Oakton,Virginia",Fairfax,"$10,353.44 "
24-5370-M,2024,Unknown,"McLean,Virginia",Fairfax,
24-5369-M,2024,Single Family,"Reston,Virginia",Fairfax,
24-5367-M,2024,Unknown,"Arlington,Virginia",Arlington,
24-5365-M,2024,Single Family,"Woodbridge,Virginia",Prince William County,
24-5354-M,2024,Single Family,"Alexandria,Virginia",,
24-5349-M,2024,Single Family,"Woodbridge,Virginia",Prince William County,$250.00 
24-5346-M,2024,Single Family,"McLean,Virginia",Fairfax,
24-5343-M,2024,Townhouse,"Chevy Chase,Maryland",Montgomery,
24-5340-M,2024,Single Family,"Fairfax,Virginia",Fairfax,$670.00 
23-5247-M,2023,Townhouse,"Arlington,Virginia",Fairfax,
23-5223-M,2023,Townhouse,"Fairfax,Virginia",Fairfax,"$4,763.98 "
23-5220-M,2023,Condo,"Alexandria,Virginia",Fairfax,"$2,284.88 "
23-5184-M,2023,Unknown,"Ft Belvoir,Virginia",Fairfax,
23-5172-M,2023,Townhouse,"Ashburn,Virginia",Loudoun,"$2,840.33 "
23-5163-M,2023,Single Family,"Silver Spring,Maryland",Montgomery,"$12,418.28 "
23-5153-M,2023,Single Family,"Arlington,Virginia",Fairfax,"$5,068.33 "
23-5133-M,2023,Condo,Washington D.C.,Washington D.C.,"$3,244.07 "
23-5116-M,2023,Single Family,"Woodbridge,Virginia",Prince William County,"$4,795.72 "
23-5101-M,2023,Condo,"Alexandria,Virginia",Fairfax,"$2,337.53 "
23-5090-M,2023,Single Family,"Great Falls,Virginia",Fairfax,"$19,333.83 "
23-5089-M,2023,Townhouse,"Arlington,Virginia",Fairfax,"$1,637.29 "
23-5088-M,2023,Single Family,"Alexandria,Virginia",Fairfax,"$2,368.24 "
23-5087-M,2023,Apartment,"Alexandria,Virginia",Fairfax,"$1,956.38 "
23-5065-M,2023,Single Family,"Fairfax,Virginia",Fairfax,"$2,638.51 "
23-5063-M,2023,Mobile Home,"Temple Hills,Maryland",Montgomery,$600.00 
23-5058-M,2023,Condo,"Annandale,Virginia",Fairfax,"$1,049.00 "
23-5032-M,2023,Townhouse,Washington D.C.,Washington D.C.,"$1,048.90 "
23-4978-M,2023,Single Family,"Silver Spring,Maryland",Montgomery,"$4,221.89 "
23-4977-M,2023,Single Family,"Centreville,Virginia",Fairfax,"$2,470.34 "
23-4967-M,2023,Apartment,Washington D.C.,Washington D.C.,"$5,937.46 "
23-4971-M,2023,Townhouse,Washington D.C.,Washington D.C.,"$2,747.45 "
23-4945-M,2023,Condo,"Falls Church,Virginia",Fairfax,"$3,049.46 "
23-4940-M,2023,Single Family,"Fairfax,Virginia",Fairfax,"$2,914.75 "
23-4922-M,2023,Townhouse,"Oakton,Virginia",Fairfax,"$10,002.62 "
23-4901-M,2023,Single Family,"Alexandria,Virginia",Fairfax,"$6,592.24 "
23-4894-M,2023,Condo,"Sterling,Virginia",Loudoun,"$1,910.08 "
23-4880-M,2023,Single Family,"Fairfax Station,Virginia",Fairfax,"$2,064.24 "
23-4868-M,2023,Townhouse,"Alexandria,Virginia",Alexandria,"$3,101.29 "
23-4830-M,2023,Single Family,"Herndon,Virginia",Fairfax,$500.00 
23-4816-M,2023,Single Family,"Alexandria,Virginia",Alexandria,"$3,813.88 "
23-4813-M,2023,Single Family,"Springfield,Virginia",Fairfax,"$4,882.57 "
23-4807-M,2023,Single Family,"Arlington,Virginia",Arlington,"$7,353.52 "
23-4805-M,2023,Condo,"Alexandria,Virginia",Fairfax,"$1,604.03 "
23-4781-M,2023,Townhouse,"Woodbridge,Virginia",Prince William County,"$1,006.07 "
23-4776-M,2023,Townhouse,Washington D.C.,Washington D.C.,"$9,543.17 "
23-4770-M,2023,Condo,"Centreville,Virginia",Fairfax,"$2,863.21 "
23-4661-M,2023,Single Family,"Bethesda,Maryland",Montgomery,"$6,378.30 "
23-4628-M,2023,Townhouse,"Springfield,Virginia",Fairfax,"$1,530.19 "
23-4608-M,2023,Single Family,"Springfield,Virginia",Fairfax,"$1,500.00 "
23-4595-M,2023,Townhouse,"Alexandria,Virginia",Fairfax,"$2,077.05 "
23-4562-M,2023,Single Family,"McLean,Virginia",Fairfax,"$4,082.53 "
23-4556-M,2023,Commercial,"Dumfries,Virginia",Prince William County,"$5,463.24 "
23-4549-M,2023,Condo,"Springfield,Virginia",Fairfax,"$1,200.00 "
23-4577-M,2023,Condo,"Woodbridge,Virginia",Prince William County,"$3,661.89 "
23-4535-M,2023,Single Family,"Great Falls,Virginia",Fairfax,"$19,375.54 "
23-4528-M,2023,Condo,"Woodbridge,Virginia",Prince William County,$960.00 
23-4504-M,2023,Single Family,"Springfield,Virginia",Fairfax,"$3,078.99 "
23-4478-M,2023,Single Family,"Alexandria,Virginia",Fairfax,"$14,579.27 "
23-4460-M,2023,Single Family,"Springfield,Virginia",Fairfax,$967.57 
23-4377-M,2023,Unknown,"Quantico,Virginia",Prince William County,"$4,218.49 "
23-4369-M,2023,Single Family,"Ashburn,Virginia",Loudoun,"$3,036.81 "
23-4361-M,2023,Single Family,"Plains,Virginia",Fauquier County,"$2,500.00 "
23-4324-M,2023,Commercial,"Annandale,Virginia",Fairfax,"$2,561.77 "
23-4293 -M,2023,Commercial,"Annandale,Virginia",Fairfax,"$17,749.12 "
23-4274-M,2023,Townhouse,"Bristow,Virginia",Prince William County,"$3,464.28 "
23-4267-M,2023,Single Family,"Fort Washington,Maryland",Prince George's County,"$2,006.32 "
22-4189-M,2022,Single Family,"Annandale,Virginia",Fairfax,"$2,738.16 "
22-4185-M,2022,Townhouse,"Springfield,Virginia",Fairfax,"$3,675.55 "
22-4177-M,2022,Single Family,"Ft Belvoir,Virginia",Fairfax,"$3,975.00 "
22-4130-M,2022,Condo,"Centreville,Virginia",Fairfax,"$8,138.62 "
22-4110-M,2022,Single Family,"Fredericksburg,Virginia",Spotsylvania,"$5,958.99 "
22-4103-M,2022,Apartment,Washington D.C.,Washington D.C.,"$5,122.73 "
22-4076-M,2022,Commercial,"Annandale,Virginia",Fairfax,"$17,730.91 "
22-4085-M,2022,Single Family,"Burke,Virginia",Fairfax,"$3,935.34 "
22-4075-M,2022,Townhouse,"Arlington,Virginia",Arlington,"$3,160.98 "
22-4051-M,2022,Single Family,"Arlington,Virginia",Arlington,"$6,131.54 "
22-4044-M,2022,Single Family,"Arlington,Virginia",Arlington,"$7,043.41 "
22-3993-M,2022,Single Family,Washington D.C.,Washington D.C.,"$21,639.88 "
22-4002-M,2022,Single Family,"Falls Church,Virginia",Fairfax,"$5,447.61 "
22-4101-M,2022,Single Family,"Stafford,Virginia",Stafford County,$499.00 
22-3981-M,2022,Single Family,"Fairfax Station,Virginia",Fairfax,"$4,463.11 "
22-3956-M,2022,Single Family,"Alexandria,Virginia",Fairfax,"$11,669.29 "
22-3925-M,2022,Single Family,"Falls Church,Virginia",Fairfax,"$8,366.04 "
22-3919-M,2022,Single Family,"Alexandria,Virginia",Fairfax,$924.64 
22-3900-M,2022,Single Family,"Fairfax,Virginia",Fairfax,"$1,914.26 "
22-3897-M,2022,Condo,"Springfield,Virginia",Fairfax,"$2,749.00 "
22-3893-M,2022,Single Family,"Arlington,Virginia",Arlington,"$4,842.43 "
22-3877-M,2022,Condo,"Alexandria,Virginia",Alexandria,$750.00 
22-3874-M,2022,Single Family,"Fort Washington,Maryland",Prince George's County,"$2,985.10 "
22-3872-M,2022,Condo,"Springfield,Virginia",Fairfax,"$2,779.93 "
22-3876-M,2022,Townhouse,"Fairfax,Virginia",Fairfax,"$1,652.23 "
22-3921-M,2022,Condo,"Gainesville,Virginia",Prince William County,"$9,904.36 "
22-3841-M,2022,Single Family,"Springfield,Virginia",Fairfax,"$3,488.39 "
22-3828-M,2022,Apartment,"Alexandria,Virginia",Fairfax,"$2,443.26 "
22-3827-M,2022,Condo,"Alexandria,Virginia",Fairfax,$560.00 
22-3823-M,2022,Single Family,"Burke,Virginia",Fairfax,"$1,421.89 "
22-4038-M,2022,Single Family,"Alexandria,Virginia",Fairfax,"$2,850.00 "
22-3777-M,2022,Single Family,"Herndon,Virginia",Fairfax,"$16,127.80 "
22-3775-M,2022,Condo,Washington D.C.,Washington D.C.,"$86,288.49 "
22-3760-M,2022,Condo,"Arlington,Virginia",Arlington,"$3,502.55 "
22-3756-M,2022,Single Family,"Dumfries,Virginia",Prince William County,"$2,615.01 "
22-3682-M,2022,Townhouse,"Vienna,Virginia",Fairfax,$500.00 
22-3701-M,2022,Condo,Washington D.C.,Washington D.C.,"$86,288.49 "
22-3700-M,2022,Apartment,Washington D.C.,Washington D.C.,"$8,817.80 "
22-3698-M,2022,Single Family,"Arlington,Virginia",Arlington,"$6,230.57 "
22-3692-M,2022,Single Family,"Alexandria,Virginia",Fairfax,"$3,712.92 "
22-3649-M,2022,Condo,"Springfield,Virginia",Fairfax,"$4,256.09 "
22-3648-M,2022,Single Family,Washington D.C.,Washington D.C.,"$4,727.33 "
22-3596-M,2022,Single Family,"Fairfax Station,Virginia",Fairfax,"$4,596.18 "
22-3593-M,2022,Single Family,"Herndon,Virginia",Fairfax,"$9,056.13 "
22-3592-M,2022,Townhouse,"Burke,Virginia",Fairfax,$683.35 
22-3584-M,2022,Townhouse,Washington D.C.,Washington D.C.,"$3,742.42 "
22-3569-M,2022,Single Family,"Springfield,Virginia",Fairfax,"$2,717.45 "
22-3561-M,2022,Condo,Washington D.C.,Washington D.C.,"$84,272.30 "
22-3559-M,2022,Townhouse,"Lorton,Virginia",Fairfax,"$1,520.22 "
22-3679-M,2022,Single Family,"Takoma Park,Maryland",Montgomery,"$8,724.24 "
22-3534-M,2022,Condo,"Springfield,Virginia",Fairfax,"$2,305.45 "
22-3511-M,2022,Condo,"Franconia,Virginia",Fairfax,"$1,567.16 "
22-3512-M,2022,Condo,"Franconia,Virginia",Fairfax,"$1,682.03 "
22-3501-M,2022,Single Family,"Burke,Virginia",Fairfax,"$2,993.66 "
22-3505-M,2022,Townhouse,"Fairfax,Virginia",Fairfax,"$3,950.35 "
22-3488-M,2022,Single Family,Washington D.C.,Washington D.C.,"$1,188.94 "
22-3487-M,2022,Condo,Washington D.C.,Washington D.C.,"$85,331.04 "
22-3481-M,2022,Condo,Washington D.C.,Washington D.C.,"$3,977.65 "
22-3465-M,2022,Condo,"Centreville,Virginia",Fairfax,"$2,209.66 "
22-3457-M,2022,Condo,"Woodbridge,Virginia",Prince William County,"$3,400.53 "
22-3438-M,2022,Single Family,"Fairfax Station,Virginia",Fairfax,"$3,322.46 "
22-3433-M,2022,Single Family,Washington D.C.,Washington D.C.,"$13,704.50 "
22-3468-M,2022,Single Family,"Takoma Park,Maryland",Montgomery,"$6,519.61 "
22-3379-M,2022,Single Family,"Silver Spring,Maryland",Montgomery,"$2,163.26 "
21-3350-M,2021,Commercial,"Silver Spring,Maryland",Montgomery,"$11,721.04 "
21-3335-M,2021,Unknown,"Arlington,Virginia",Arlington,"$3,828.68 "
21-3331-M,2021,Condo,"Fairfax,Virginia",Fairfax,"$1,429.22 "
21-3328-M,2021,Single Family,"Fairfax Station,Virginia",Fairfax,"$2,315.81 "
21-3303-M,2021,Condo,Washington D.C.,Washington D.C.,"$76,756.13 "
21-3293-M,2021,Condo,Washington D.C.,Washington D.C.,"$3,081.72 "
21-3267-M,2021,Condo,Washington D.C.,Washington D.C.,$943.53 
21-3260-M,2021,Single Family,"Arlington,Virginia",Arlington,"$3,250.20 "
21-3254-M,2021,Unknown,"Springfield,Virginia",Fairfax,"$4,882.80 "
21-3257-M,2021,Condo,"Springfield,Virginia",Fairfax,"$3,719.00 "
21-3248-M,2021,Single Family,"Springfield,Virginia",Fairfax,"$1,381.08 "
22-3450-M,2021,Townhouse,"Burke,Virginia",Fairfax,"$3,008.93 "
21-3238-M,2021,Single Family,"Alexandria,Virginia",Fairfax,"$6,291.31 "
22-3360-M,2021,Single Family,"Arlington,Virginia",Arlington,"$2,882.08 "
21-3265-M,2021,Single Family,"Woodbridge,Virginia",Prince William County,"$5,400.91 "
21-3215-M,2021,Condo,"Alexandria,Virginia",Alexandria,"$3,104.23 "
21-3234-M,2021,Townhouse,"Springfield,Virginia",Fairfax,"$2,983.56 "
21-3195-M,2021,Condo,Washington D.C.,Washington D.C.,"$1,500.00 "
21-3202-M,2021,Unknown,"Annandale,Virginia",Fairfax,"$12,556.49 "
21-3173-M,2021,Unknown,Washington D.C.,Washington D.C.,"$3,565.51 "
21-3193-M,2021,Commercial,"Fairfax,Virginia",Fairfax,"$3,023.19 "
21-3156-M,2021,Single Family,"Alexandria,Virginia",Alexandria,"$2,891.40 "
21-3264-M,2021,Commercial,"Takoma Park,Maryland",Montgomery,"$3,178.37 "
21-3139-M,2021,Condo,"Springfield,Virginia",Fairfax,"$2,181.48 "
21-3138-M,2021,Condo,"Fairfax,Virginia",Fairfax,"$2,384.08 "
22-3453-M,2021,Unknown,"Alexandria,Virginia",Fairfax,"$3,000.00 "
21-3182-M,2021,Unknown,Washington D.C.,Washington D.C.,"$3,176.08 "
21-3135-M,2021,Unknown,Washington D.C.,Washington D.C.,"$1,474.86 "
21-3217-M,2021,Townhouse,"Fairfax,Virginia",Fairfax,"$1,789.00 "
21-3116-M,2021,Condo,Washington D.C.,Washington D.C.,"$19,495.34 "
20-2180-M,2021,Single Family,"Alexandria,Virginia",Fairfax,"$4,125.88 "
21-3129-M,2021,Unknown,"Annandale,Virginia",Fairfax,"$1,191.96 "
21-3096-M,2021,Single Family,"Alexandria,Virginia",Alexandria,"$8,602.04 "
21-3159-M,2021,Condo,"Arlington,Virginia",Arlington,"$4,634.99 "
21-3092-M,2021,Condo,Washington D.C.,Washington D.C.,"$3,699.19 "
21-3088-M,2021,Townhouse,"Alexandria,Virginia",Fairfax,"$1,904.25 "
21-3102-M,2021,Single Family,Washington D.C.,Washington D.C.,"$16,550.31 "
21-3085-M,2021,Condo,"Annandale,Virginia",Fairfax,"$1,343.65 "
21-3072-M,2021,Single Family,"Vienna,Virginia",Fairfax,"$6,407.62 "
21-3106-M,2021,Condo,"Springfield,Virginia",Fairfax,"$2,824.59 "
21-3054-M,2021,Condo,Washington D.C.,Washington D.C.,$183.00 
21-3051-M,2021,Townhouse,"Woodbridge,Virginia",Prince William County,"$5,062.93 "
21-3044-M,2021,Condo,"Oakton,Virginia",Fairfax,"$2,772.01 "
21-3036-M,2021,Condo,"McLean,Virginia",Fairfax,"$9,671.65 "
21-3002-M,2021,Townhouse,Washington D.C.,Washington D.C.,"$2,844.66 "
21-2955-M,2021,Townhouse,Washington D.C.,Washington D.C.,"$8,688.09 "
21-2952-M,2021,Single Family,"Falls Church,Virginia",Fairfax,"$2,346.47 "
21-3011-M,2021,Unknown,"Falls Church,Virginia",Fairfax,"$5,136.28 "
21-2950-M,2021,Townhouse,"Springfield,Virginia",Fairfax,"$2,099.02 "
21-2948-M,2021,Single Family,"Ashburn,Virginia",Loudoun,"$12,581.49 "
21-3009-M,2021,Single Family,"Vienna,Virginia",Fairfax,"$4,483.00 "
21-2925-M,2021,Condo,"Falls Church,Virginia",Fairfax,"$2,733.95 "
21-2934-M,2021,Condo,Washington D.C.,Washington D.C.,$560.00 
21-2933-M,2021,Single Family,"Arlington,Virginia",Arlington,"$3,771.47 "
21-2927-M,2021,Unknown,Washington D.C.,Washington D.C.,"$1,998.45 "
21-2913-M,2021,Townhouse,"Aldie,Virginia",Loudoun,"$1,826.88 "
21-2905-M,2021,Unknown,"Waldorf ,Maryland",Charles County,$250.00 
21-2895-M,2021,Townhouse,Washington D.C.,Washington D.C.,"$1,647.23 "
21-2893-M,2021,Single Family,"Annandale,Virginia",Fairfax,"$1,902.58 "
21-2889-M,2021,Townhouse,"Alexandria,Virginia",Fairfax,"$2,343.77 "
21-2888-M,2021,Condo,Washington D.C.,Washington D.C.,"$1,142.92 "
21-2877-M,2021,Condo,"Springfield,Virginia",Fairfax,"$2,689.55 "
21-2875-M,2021,Townhouse,"Arlington,Virginia",Arlington,"$1,984.37 "
21-2866-M,2021,Condo,Washington D.C.,Washington D.C.,"$1,588.11 "
21-2844-M,2021,Townhouse,Washington D.C.,Washington D.C.,"$4,159.40 "
21-2842-M,2021,Unknown,"Arlington,Virginia",Arlington,"$1,484.13 "
21-2843-M,2021,Condo,"Springfield,Virginia",Fairfax,"$1,171.78 "
21-2829-M,2021,Single Family,"Alexandria,Virginia",Fairfax,"$2,507.88 "
21-2918-M,2021,Townhouse,Washington D.C.,Washington D.C.,"$2,746.62 "
21-2805-M,2021,Condo,Washington D.C.,Washington D.C.,"$53,744.39 "
21-2820-M,2021,Unknown,Washington D.C.,Washington D.C.,"$9,249.36 "
21-2878-M,2021,Single Family,"Fort Washington,Maryland",Prince George's County,"$1,419.00 "
21-2794-M,2021,Single Family,"Fairfax,Virginia",Fairfax,"$1,455.20 "
21-2787-M,2021,Condo,"Aldie,Virginia",Loudoun,"$1,755.74 "
21-2791-M,2021,Commercial,"Alexandria,Virginia",Alexandria,"$2,926.50 "
21-2781-M,2021,Single Family,"Burke,Virginia",Fairfax,"$1,585.72 "
21-2777-M,2021,Single Family,"Falls Church,Virginia",Fairfax,"$15,530.00 "
21-2767-M,2021,Single Family,"Lorton,Virginia",Fairfax,"$1,590.25 "
21-2769-M,2021,Townhouse,"Springfield,Virginia",Fairfax,"$1,532.00 "
21-2758-M,2021,Single Family,"Springfield,Virginia",Fairfax,"$2,338.06 "
21-2751-M,2021,Single Family,"Herndon,Virginia",Fairfax,"$3,208.96 "
21-2744-M,2021,Townhouse,"Alexandria,Virginia",Fairfax,"$3,892.96 "
21-2741-M,2021,Single Family,"Ruther Glen,Virginia",Caroline County,"$2,843.44 "
21-2722-M,2021,Unknown,Washington D.C.,Washington D.C.,"$1,069.31 "
21-2720-M,2021,Condo,"McLean,Virginia",Fairfax,"$1,223.30 "
21-2715-M,2021,Single Family,"Lorton,Virginia",Fairfax,"$1,442.21 "
21-2716-M,2021,Unknown,"Springfield,Virginia",Fairfax,"$1,121.28 "
21-2735-M,2021,Single Family,"College Park,Maryland",Prince George's County,"$3,900.00 "
21-2693-M,2021,Condo,"Fairfax,Virginia",Fairfax,"$1,503.15 "
21-2690-M,2021,Single Family,"Springfield,Virginia",Fairfax,$71.00 
21-2685-M,2021,Single Family,"Centreville,Virginia",Fairfax,"$2,125.40 "
21-2682-M,2021,Condo,"Springfield,Virginia",Fairfax,"$1,365.30 "
21-2673-M,2021,Townhouse,"Springfield,Virginia",Fairfax,"$2,480.49 "
21-2681-M,2021,Unknown,"Springfield,Virginia",Fairfax,$120.00 
21-2650-M,2021,Single Family,"Fairfax,Virginia",Fairfax,"$1,384.35 "
21-2645-M,2021,Townhouse,"Alexandria,Virginia",Fairfax,"$1,876.82 "
21-2623-M,2021,Single Family,"Woodbridge,Virginia",Prince William County,"$1,512.80 "
21-2641-M,2021,Single Family,"Great Falls,Virginia",Fairfax,"$2,730.93 "
21-2620-M,2021,Apartment,"Springfield,Virginia",Fairfax,"$1,976.41 "
21-2595-M,2021,Condo,"Alexandria,Virginia",Alexandria,"$4,658.30 "
21-2589-M,2021,Single Family,"Derwood,Maryland",Montgomery,"$1,983.80 "
21-2588-M,2021,Condo,"Arlington,Virginia",Arlington,"$1,550.50 "
21-2577-M,2021,Condo,"Alexandria,Virginia",Fairfax,"$2,083.44 "
21-2579-M,2021,Single Family,"Alexandria,Virginia",Fairfax,"$4,343.54 "
21-2575-M,2021,Single Family,Washington D.C.,Washington D.C.,"$3,941.29 "
20-2534-1-M,2020,Townhouse,"Alexandria,Virginia",Fairfax,"$1,716.48 "
20-2539-M,2020,Townhouse,"Arlington,Virginia",Arlington,"$2,492.03 "
20-2534-M,2020,Townhouse,"Alexandria,Virginia",Fairfax,"$1,919.65 "
20-2533-M,2020,Apartment,Washington D.C.,Washington D.C.,"$3,311.59 "
20-2532-M,2020,Unknown,Washington D.C.,Washington D.C.,"$2,200.43 "
20-2531-M,2020,Apartment,Washington D.C.,Washington D.C.,"$2,300.87 "
20-2527-M,2020,Commercial,"Fairfax,Virginia",Fairfax,"$7,295.93 "
20-2512-M,2020,Single Family,"Alexandria,Virginia",Fairfax,"$13,643.06 "
20-2503-M,2020,Single Family,"Alexandria,Virginia",Alexandria,"$1,387.79 "
20-2476-M,2020,Single Family,"Derwood,Maryland",Montgomery,"$4,281.34 "
20-2480-M,2020,Townhouse,"Alexandria,Virginia",Alexandria,"$1,504.30 "
20-2474-M,2020,Commercial,"Lorton,Virginia",Fairfax,$200.00 
20-2471-M,2020,Single Family,"Alexandria,Virginia",Fairfax,"$2,025.52 "
20-2470-M,2020,Condo,"Falls Church,Virginia",Fairfax,$785.86 
20-2461-M,2020,Single Family,"Vienna,Virginia",Fairfax,"$6,950.24 "
20-2450-M,2020,Condo,"Fairfax,Virginia",Fairfax,$596.94 
20-2449-M,2020,Single Family,"Springfield,Virginia",Fairfax,$667.43 
20-2448-M,2020,Condo,"Fairfax,Virginia",Fairfax,"$1,339.27 "
20-2445-M,2020,Single Family,"Derwood,Maryland",Montgomery,"$9,827.87 "
20-2443-M,2020,Single Family,"Fairfax,Virginia",Fairfax,$601.28 
20-2441-M,2020,Single Family,"Rockville,Maryland",Montgomery,"$2,573.60 "
20-2438-M,2020,Single Family,"Potomac,Maryland",Montgomery,"$3,200.74 "
20-2434-M,2020,Townhouse,"Springfield,Virginia",Fairfax,"$2,536.17 "
20-2432-M,2020,Condo,"Arlington,Virginia",Arlington,"$1,879.72 "
20-2427-M,2020,Single Family,"Mount Rainier,Maryland",Prince George's County,"$3,587.89 "
20-2420-M,2020,Condo,"Aldie,Virginia",Loudoun,"$1,999.47 "
20-2419-M,2020,Townhouse,"Woodbridge,Virginia",Prince William County,"$4,511.85 "
20-2414-M,2020,Single Family,"Fairfax,Virginia",Fairfax,$350.00 
20-2411-M,2020,Single Family,"Dumfries,Virginia",Prince William County,"$5,849.12 "
20-2399-M,2020,Single Family,"Woodbridge,Virginia",Prince William County,"$2,977.36 "
20-2396-M,2020,Single Family,"McLean,Virginia",Fairfax,
20-2388-M,2020,Unknown,"Alexandria,Virginia",Alexandria,"$4,935.75 "
20-2383-M,2020,Single Family,"Springfield,Virginia",Fairfax,"$1,654.96 "
20-2359-M,2020,Townhouse,"Alexandria,Virginia",Alexandria,"$3,454.16 "
20-2349-M,2020,Single Family,"Alexandria,Virginia",Fairfax,"$1,543.67 "
20-2348-M,2020,Condo,"Oakton,Virginia",Fairfax,"$1,103.47 "
20-2344-M,2020,Single Family,"Alexandria,Virginia",Fairfax,"$4,684.53 "
20-2343-M,2020,Single Family,"Spotsylvania,Virginia",Spotsylvania,"$2,759.06 "
20-2319-M,2020,Condo,"Arlington,Virginia",Arlington,"$3,692.49 "
20-2318-M,2020,Commercial,Washington D.C.,Washington D.C.,"$17,966.90 "
20-2281-M,2020,Condo,"Rockville,Maryland",Montgomery,"$3,423.63 "
20-2275-M,2020,Single Family,"Alexandria,Virginia",Alexandria,"$2,537.18 "
20-2255-M,2020,Condo,"Fairfax,Virginia",Fairfax,"$7,499.84 "
20-2227-M,2020,Townhouse,"Reston,Virginia",Fairfax,"$2,086.55 "
20-2225-M,2020,Single Family,"Alexandria,Virginia",Fairfax,$700.00 
20-2220-M,2020,Unknown,"Arlington,Virginia",Fairfax,"$3,765.34 "
20-2207-M,2020,Single Family,"Burke,Virginia",Fairfax,"$9,600.00 "
20-2195-M,2020,Condo,"Fairfax,Virginia",Fairfax,"$1,242.41 "
20-2193-M,2020,Condo,"Fairfax,Virginia",Fairfax,"$1,752.50 "
20-2192-M,2020,Condo,"Fairfax,Virginia",Fairfax,"$1,549.20 "
20-2185-M,2020,Single Family,"Springfield,Virginia",Fairfax,$699.49 
20-2147-M,2020,Townhouse,"Woodbridge,Virginia",Prince William County,"$3,542.37 "
20-2141-M,2020,Townhouse,"Woodbridge,Virginia",Prince William County,"$1,109.95 "
20-2139-M,2020,Single Family,"Alexandria,Virginia",Fairfax,"$3,627.90 "
20-2124-M,2020,Condo,"Springfield,Virginia",Fairfax,"$3,092.82 "
20-2112-M,2020,Single Family,"Woodbridge,Virginia",Prince William County,"$1,167.12 "
20-2103-M,2020,Condo,"Springfield,Virginia",Fairfax,"$1,087.37 "
20-2101-M,2020,Townhouse,"Alexandria,Virginia",Fairfax,"$1,055.34 "
20-2099-M,2020,Single Family,"Alexandria,Virginia",Alexandria,"$1,242.48 "
20-2087-M,2020,Single Family,"Alexandria,Virginia",Fairfax,$750.00 
20-2082-M,2020,Commercial,Washington D.C.,Washington D.C.,"$2,790.98 "
20-2072-M,2020,Single Family,"Springfield,Virginia",Fairfax,"$1,110.88 "
20-2065-M,2020,Condo,"Fairfax,Virginia",Fairfax,$300.00 
20-2055-M,2020,Townhouse,"Burke,Virginia",Fairfax,"$1,510.63 "
20-2047-M,2020,Townhouse,"Arlington,Virginia",Arlington,"$1,260.26 "
20-2041-M,2020,Unknown,"Herndon,Virginia",Fairfax,$800.07 
20-2023-M,2020,Single Family,"Herndon,Virginia",Fairfax,"$1,472.05 "
20-2008-M,2020,Condo,"Falls Church,Virginia",Fairfax,"$1,934.37 "
20-2006-M,2020,Condo,"Arlington,Virginia",Arlington,"$1,822.78 "
20-2002-M,2020,Single Family,"Herndon,Virginia",Fairfax,$900.00 
20-1999-M,2020,Single Family,"Alexandria,Virginia",Fairfax,"$1,556.42 "
20-1982-M,2020,Condo,"Springfield,Virginia",Fairfax,"$1,662.02 "
20-1980-M,2020,Single Family,"Alexandria,Virginia",Fairfax,"$1,231.61 "
20-1979-M,2020,Single Family,"Arlington,Virginia",Arlington,"$1,006.28 "
20-1977-M,2020,Single Family,"Alexandria,Virginia",Alexandria,"$11,702.86 "
20-1965-M,2020,Single Family,"Spotsylvania,Virginia",Spotsylvania,"$7,482.50 "
20-2017-M,2020,Single Family,"Springfield,Virginia",Fairfax,"$1,787.07 "
20-1963-M,2020,Single Family,"Springfield,Virginia",Fairfax,"$3,759.09 "
20-1957-M,2020,Townhouse,"Upper Marlboro,Maryland",Prince George's County,"$1,500.00 "
20-1944-M,2020,Single Family,"McLean,Virginia",Fairfax,"$14,245.51 "
20-1943-M,2020,Single Family,"Vienna,Virginia",Fairfax,"$12,126.68 "
19-1941-M,2019,Unknown,"McLean,Virginia",Fairfax,"$2,158.41 "
19-1936-M,2019,Single Family,"Stafford,Virginia",Stafford County,"$4,908.73 "
19-1935-M,2019,Condo,"Alexandria,Virginia",Alexandria,$953.06 
19-1932-M,2019,Single Family,"Alexandria,Virginia",Alexandria,$649.21 
19-1931-M,2019,Single Family,"Manassas,Virginia",Prince William County,$293.12 
19-1925-M,2019,Condo,"Alexandria,Virginia",Alexandria,$854.71 
21-2591-M,2019,Single Family,"Alexandria,Virginia",Fairfax,"$3,200.00 "
19-1913-M,2019,Condo,"Alexandria,Virginia",Alexandria,$822.20 
19-1907-M,2019,Commercial,"Springfield,Virginia",Fairfax,"$3,123.04 "
19-1906-M,2019,Condo,"Manassas,Virginia",Prince William County,"$2,998.97 "
19-1904-M,2019,Single Family,"Woodbridge,Virginia",Prince William County,$700.00 
19-1899-M,2019,Single Family,"Great Falls,Virginia",Fairfax,"$2,624.13 "
19-1874-M,2019,Single Family,Washington D.C.,Washington D.C.,"$48,000.00 "
19-1888-M,2019,Condo,Washington D.C.,Washington D.C.,"$1,085.85 "
19-1880-M,2019,Townhouse,"Dumfries,Virginia",Prince William County,"$1,614.46 "
19-1871-M,2019,Single Family,"Alexandria,Virginia",Fairfax,"$1,045.44 "
19-1868-M,2019,Single Family,"Woodbridge,Virginia",Prince William County,$848.60 
19-1866-M,2019,Townhouse,"Reston,Virginia",Fairfax,$600.00 
19-1864-M,2019,Single Family,"Burke,Virginia",Fairfax,$560.00 
19-1861-M,2019,Single Family,Washington D.C.,Washington D.C.,"$4,815.57 "
19-1855-M,2019,Condo,"Falls Church,Virginia",Fairfax,"$1,288.36 "
19-1850-M,2019,Single Family,"Arlington,Virginia",Arlington,$800.00 
19-1832-M,2019,Single Family,"Alexandria,Virginia",Fairfax,$780.04 
19-1811-M,2019,Single Family,"Potomac,Maryland",Montgomery,"$3,023.87 "
19-1807-M,2019,Single Family,"Manassas,Virginia",Prince William County,"$5,392.29 "
19-1804-M,2019,Single Family,"Lorton,Virginia",Fairfax,$549.64 
19-1798-M,2019,Townhouse,"Occoquan,Virginia",Prince William County,$735.81 
19-1729-M,2019,Commercial,"Woodbridge,Virginia",Prince William County,"$10,920.46 "
19-1787-M,2019,Single Family,"Herndon,Virginia",Fairfax,"$2,636.53 "
19-1784-M,2019,Single Family,"Falls Church,Virginia",Fairfax,"$7,203.67 "
19-1775-M,2019,Single Family,"Alexandria,Virginia",Alexandria,"$1,887.96 "
19-1765-M,2019,Townhouse,"Dumfries,Virginia",Prince William County,$862.89 
19-1754-M,2019,Townhouse,"Alexandria,Virginia",Fairfax,"$1,059.94 "
19-1753-M,2019,Single Family,"Arlington,Virginia",Arlington,"$1,855.93 "
19-1752-M,2019,Single Family,"Falls Church,Virginia",Fairfax,"$6,422.34 "
19-1744-M,2019,Single Family,"Alexandria,Virginia",Fairfax,"$2,479.80 "
19-1724-M,2019,Condo,"Annandale,Virginia",Fairfax,$540.49 
19-1721-M,2019,Apartment,"Woodbridge,Virginia",Prince William County,"$4,757.65 "
19-1716-M,2019,Single Family,"Great Falls,Virginia",Fairfax,"$2,127.88 "
19-1715-M,2019,Condo,Washington D.C.,Washington D.C.,"$4,615.06 "
19-1711-M,2019,Condo,"Fairfax,Virginia",Fairfax,"$2,155.88 "
19-1708-M,2019,Condo,"Alexandria,Virginia",Alexandria,$660.33 
19-1704-M,2019,Single Family,"Alexandria,Virginia",Alexandria,"$1,764.71 "
19-1703-M,2019,Single Family,"Arlington,Virginia",Arlington,"$7,799.46 "
19-1702-M,2019,Townhouse,"Alexandria,Virginia",Alexandria,"$2,082.53 "
19-1701-M,2019,Townhouse,"Lorton,Virginia",Fairfax,"$2,350.64 "
19-1700-M,2019,Single Family,"Annandale,Virginia",Fairfax,"$2,249.69 "
19-1691-M,2019,Single Family,"Alexandria,Virginia",Alexandria,$964.08 
19-1646-M,2019,Single Family,"Arlington,Virginia",Arlington,"$1,252.36 "
19-1637-M,2019,Single Family,"Alexandria,Virginia",Fairfax,"$1,749.52 "
19-1633-M,2019,Single Family,"Lorton,Virginia",Fairfax,"$2,644.94 "
19-1632-M,2019,Single Family,"Ashburn,Virginia",Loudoun,"$1,008.39 "
19-1627-M,2019,Single Family,"Arlington,Virginia",Arlington,"$4,478.67 "
19-1613-M,2019,Single Family,"Falls Church,Virginia",Fairfax,"$3,507.68 "
19-1619-M,2019,Townhouse,"Arlington,Virginia",Arlington,$617.91 
19-1609-M,2019,Single Family,"Springfield,Virginia",Fairfax,"$3,000.00 "
19-1595-M,2019,Apartment,"Alexandria,Virginia",Alexandria,$889.46 
19-1587-M,2019,Single Family,"Manassas,Virginia",Prince William County,$756.06 
19-1592-M,2019,Single Family,"Alexandria,Virginia",Alexandria,"$2,380.41 "
19-1561-M,2019,Townhouse,"Vienna,Virginia",Fairfax,"$3,208.62 "
19-1560-M,2019,Single Family,"Fairfax Station,Virginia",Fairfax,"$2,801.41 "
19-1541-M,2019,Condo,"Alexandria,Virginia",Alexandria,"$1,316.43 "
19-1536-M,2019,Single Family,"Alexandria,Virginia",Fairfax,"$1,137.47 "
19-1535-M,2019,Apartment,"Alexandria,Virginia",Alexandria,"$1,836.65 "
19-1533-M,2019,Single Family,"Springfield,Virginia",Fairfax,"$1,850.00 "
19-1529-M,2019,Commercial,"McLean,Virginia",Fairfax,"$1,990.20 "
19-1528-M,2019,Single Family,"Alexandria,Virginia",Alexandria,"$6,331.73 "
19-1510-M,2019,Single Family,"Springfield,Virginia",Fairfax,$700.00 
19-1507-M,2019,Townhouse,"Springfield,Virginia",Fairfax,"$3,879.21 "
19-1506-M,2019,Single Family,"Springfield,Virginia",Fairfax,$450.00 
19-1505-M,2019,Single Family,"Falls Church,Virginia",Fairfax,"$2,258.00 "
19-1504-M,2019,Commercial,"Falls Church,Virginia",Fairfax,"$6,913.50 "
19-1494-M,2019,Single Family,"Dumfries,Virginia",Prince William County,$500.00 
19-1488-M,2019,Single Family,"Alexandria,Virginia",Fairfax,"$4,516.12 "
19-1487-M,2019,Townhouse,"Lorton,Virginia",Fairfax,"$1,426.25 "
19-1483-M,2019,Single Family,"Springfield,Virginia",Fairfax,"$7,198.34 "
19-1481-M,2019,Single Family,"Burke,Virginia",Fairfax,"$8,127.36 "
19-1474-M,2019,Townhouse,"Fairfax,Virginia",Fairfax,"$1,753.28 "
19-1465-M,2019,Condo,"Alexandria,Virginia",Fairfax,"$1,535.65 "
19-1460-M,2019,Condo,"Alexandria,Virginia",Alexandria,$670.52 
19-1457-M,2019,Single Family,"Alexandria,Virginia",Alexandria,"$2,001.97 "
19-1458-M,2019,Single Family,"Fairfax Station,Virginia",Fairfax,"$3,041.34 "
19-1453-M,2019,Single Family,"Oakton,Virginia",Fairfax,"$2,200.58 "
19-1451-M,2018,Townhouse,"Woodbridge,Virginia",Prince William County,"$2,844.63 "
18-1433-M,2018,Single Family,"Alexandria,Virginia",Fairfax,"$6,862.31 "
18-1432-M,2018,Townhouse,"Arlington,Virginia",Arlington,"$1,857.74 "
18-1431-M,2018,Condo,"Alexandria,Virginia",Alexandria,"$6,456.38 "
18-1429-M,2018,Single Family,"Dumfries,Virginia",Prince William County,"$1,748.93 "
18-1425-M,2018,Townhouse,"Lorton,Virginia",Fairfax,"$2,345.81 "
18-1419-M,2018,Single Family,"Dumfries,Virginia",Prince William County,"$16,743.20 "
18-1413-M,2018,Single Family,"Alexandria,Virginia",Fairfax,"$3,002.44 "
18-1410-M,2018,Single Family,"Dumfries,Virginia",Prince William County,"$2,001.14 "
18-1408-M,2018,Single Family,"McLean,Virginia",Fairfax,$850.00 
18-1407-M,2018,Townhouse,"Alexandria,Virginia",Fairfax,"$2,173.04 "
18-1405-M,2018,Unknown,"Stafford,Virginia",Stafford County,"$1,413.34 "
18-1404-M,2018,Townhouse,"Alexandria,Virginia",Alexandria,"$1,327.14 "
18-1400-M,2018,Condo,"Alexandria,Virginia",Alexandria,$531.60 
18-1399-M,2018,Townhouse,"Burke,Virginia",Fairfax,"$1,700.00 "
18-1392-M,2018,Townhouse,"Springfield,Virginia",Fairfax,"$2,008.16 "
18-1387-M,2018,Single Family,"Springfield,Virginia",Fairfax,"$2,053.32 "
18-1377-M,2018,Single Family,"Springfield,Virginia",Fairfax,"$4,990.33 "
18-1376-M,2018,Townhouse,"Springfield,Virginia",Fairfax,"$4,066.30 "
18-1374-M,2018,Single Family,"Springfield,Virginia",Fairfax,"$4,261.81 "
18-1364-M,2018,Townhouse,"Alexandria,Virginia",Alexandria,"$1,081.74 "
18-1360-M,2018,Single Family,"Haymarket,Virginia",Prince William County,"$1,384.21 "
18-1354-M,2018,Unknown,"Alexandria,Virginia",Alexandria,"$2,900.05 "
18-1343-M,2018,Unknown,"Lorton,Virginia",Fairfax,"$1,571.87 "
18-1327-M,2018,Single Family,"Arlington,Virginia",Arlington,"$1,326.35 "
18-1324-M,2018,Single Family,"Woodbridge,Virginia",Prince William County,"$6,816.95 "
18-1260-2-M,2018,Single Family,"Springfield,Virginia",Fairfax,"$2,350.30 "
18-1246-M,2018,Townhouse,"Fairfax,Virginia",Fairfax,"$6,000.00 "
18-1304-M,2018,Single Family,"Fairfax Station,Virginia",Fairfax,$884.27 
18-1301-M,2018,Condo,"Vienna,Virginia",Fairfax,"$3,380.98 "
18-1300-M,2018,Condo,"Alexandria,Virginia",Alexandria,"$1,339.64 "
18-1299-M,2018,Townhouse,"Woodbridge,Virginia",Prince William County,"$1,027.91 "
18-1292-M,2018,Single Family,"Fairfax Station,Virginia",Fairfax,"$1,000.53 "
18-1284-M,2018,Single Family,"McLean,Virginia",Fairfax,"$20,957.16 "
18-1277-M,2018,Townhouse,"Alexandria,Virginia",Alexandria,$827.80 
18-1278-M,2018,Townhouse,"Fairfax,Virginia",Fairfax,"$3,703.00 "
18-1268-M,2018,Single Family,"Arlington,Virginia",Arlington,"$2,850.53 "
18-1260-M,2018,Condo,"Springfield,Virginia",Fairfax,"$4,567.40 "
18-1253-M,2018,Commercial,"Burke,Virginia",Fairfax,"$2,572.51 "
18-1252-M,2018,Single Family,"Arlington,Virginia",Arlington,"$7,000.00 "
18-1240-M,2018,Single Family,"Alexandria,Virginia",Alexandria,"$1,498.32 "
18-1231-M,2018,Townhouse,"Chantilly,Virginia",Loudoun,"$1,016.64 "
18-1230-M,2018,Single Family,"Bristow,Virginia",Prince William County,"$1,537.90 "
18-1227-M,2018,Townhouse,"Alexandria,Virginia",Fairfax,"$1,554.85 "
18-1176-M,2018,Single Family,"Montclair,Virginia",Prince William County,"$5,105.08 "
18-1172-M,2018,Townhouse,"Woodbridge,Virginia",Prince William County,"$1,376.68 "
18-1170-M,2018,Townhouse,"Alexandria,Virginia",Fairfax,"$1,654.49 "
18-1169-M,2018,Single Family,"Springfield,Virginia",Fairfax,$837.56 
18-1163-M,2018,Single Family,"Springfield,Virginia",Fairfax,"$2,062.40 "
18-1162-M,2018,Single Family,"Lorton,Virginia",Fairfax,"$12,734.59 "
18-1161-M,2018,Condo,"Alexandria,Virginia",Alexandria,$842.72 
18-1160-M,2018,Townhouse,"Alexandria,Virginia",Alexandria,"$2,716.94 "
18-1159-M,2018,Single Family,"Alexandria,Virginia",Fairfax,"$7,066.84 "
18-1157-M,2018,Single Family,"Springfield,Virginia",Fairfax,"$1,855.62 "
18-1154-M,2018,Single Family,"Springfield,Virginia",Fairfax,"$3,528.27 "
18-1155-M,2018,Townhouse,"Stafford,Virginia",Stafford County,"$4,334.73 "
18-1149-M,2018,Condo,"Springfield,Virginia",Fairfax,"$1,519.26 "
18-1146-M,2018,Townhouse,"Alexandria,Virginia",Alexandria,"$5,043.47 "
18-1141-M,2018,Single Family,"Dumfries,Virginia",Prince William County,"$4,871.14 "
18-1139-M,2018,Townhouse,"Springfield,Virginia",Fairfax,"$1,561.34 "
18-1138-M,2018,Townhouse,"Lorton,Virginia",Fairfax,"$1,460.45 "
18-1134-M,2018,Single Family,"Burke,Virginia",Fairfax,"$2,064.06 "
18-1132-M,2018,Single Family,"Dumfries,Virginia",Prince William County,"$9,500.36 "
18-1127-M,2018,Townhouse,"Springfield,Virginia",Fairfax,"$1,582.01 "
18-1125-M,2018,Single Family,"Springfield,Virginia",Fairfax,"$8,006.02 "
18-1124-M,2018,Single Family,"Springfield,Virginia",Fairfax,"$1,190.50 "
18-1119-M,2018,Townhouse,"Springfield,Virginia",Fairfax,"$1,304.66 "
18-1102-M,2018,Condo,"Fairfax,Virginia",Fairfax,"$3,306.12 "
18-1085-M,2018,Single Family,"Alexandria,Virginia",Alexandria,"$3,509.95 "
18-1076-M,2018,Single Family,"Springfield,Virginia",Fairfax,"$1,830.23 "
18-1079-M,2018,Single Family,"Alexandria,Virginia",Fairfax,"$1,958.38 "
18-1060-M,2018,Townhouse,"Alexandria,Virginia",Fairfax,"$1,683.37 "
18-1053-M,2018,Single Family,"Alexandria,Virginia",Fairfax,"$2,569.44 "
18-1039-M,2018,Townhouse,"Lorton,Virginia",Fairfax,$726.26 
18-1027-M,2018,Townhouse,"Springfield,Virginia",Fairfax,$225.00 
18-1026-M,2017,Single Family,"Alexandria,Virginia",Fairfax,"$2,005.48 "
17-1021-M,2017,Single Family,"Vienna,Virginia",Fairfax,"$2,700.00 "
